{
  "Name": "ws_NS_road00",
  "Visible": true,
  "PresetMetaInfo": {
    "Title": "",
    "Game": "",
    "Notes": "",
    "IsSwitch": false,
    "Section": "All"
  },
  "MeshInfo": [],
  "Textures": [
    "dsws_ry_road00_Alb",
    "dsws_ry_road00_Nrm",
    "dsws_ry_road00_Spm",
    "Bake_Gds_WarioStadium_g00_b00_f02",
    "Bake_Gds_WarioStadium_g00_b01_f02"
  ],
  "Samplers": [
    {
      "TexSampler": {
        "ClampX": 0,
        "ClampY": 0,
        "ClampZ": 2,
        "MagFilter": 1,
        "MinFilter": 1,
        "ZFilter": 0,
        "MipFilter": 1,
        "MaxAnisotropicRatio": 0,
        "BorderType": 0,
        "DepthCompareFunc": 0,
        "MinLod": 0.0,
        "MaxLod": 5.0,
        "LodBias": -1.75,
        "DepthCompareEnabled": false
      },
      "Name": "_a0"
    },
    {
      "TexSampler": {
        "ClampX": 0,
        "ClampY": 0,
        "ClampZ": 2,
        "MagFilter": 1,
        "MinFilter": 1,
        "ZFilter": 0,
        "MipFilter": 1,
        "MaxAnisotropicRatio": 0,
        "BorderType": 0,
        "DepthCompareFunc": 0,
        "MinLod": 0.0,
        "MaxLod": 5.0,
        "LodBias": -1.0,
        "DepthCompareEnabled": false
      },
      "Name": "_n0"
    },
    {
      "TexSampler": {
        "ClampX": 0,
        "ClampY": 0,
        "ClampZ": 2,
        "MagFilter": 1,
        "MinFilter": 1,
        "ZFilter": 0,
        "MipFilter": 1,
        "MaxAnisotropicRatio": 0,
        "BorderType": 0,
        "DepthCompareFunc": 0,
        "MinLod": 0.0,
        "MaxLod": 5.0,
        "LodBias": -1.0,
        "DepthCompareEnabled": false
      },
      "Name": "_s0"
    },
    {
      "TexSampler": {
        "ClampX": 2,
        "ClampY": 2,
        "ClampZ": 2,
        "MagFilter": 1,
        "MinFilter": 1,
        "ZFilter": 0,
        "MipFilter": 1,
        "MaxAnisotropicRatio": 0,
        "BorderType": 0,
        "DepthCompareFunc": 0,
        "MinLod": 0.0,
        "MaxLod": 13.0,
        "LodBias": 0.0,
        "DepthCompareEnabled": false
      },
      "Name": "_b0"
    },
    {
      "TexSampler": {
        "ClampX": 2,
        "ClampY": 2,
        "ClampZ": 2,
        "MagFilter": 1,
        "MinFilter": 1,
        "ZFilter": 0,
        "MipFilter": 1,
        "MaxAnisotropicRatio": 0,
        "BorderType": 0,
        "DepthCompareFunc": 0,
        "MinLod": 0.0,
        "MaxLod": 13.0,
        "LodBias": 0.0,
        "DepthCompareEnabled": false
      },
      "Name": "_b1"
    }
  ],
  "RenderInfo": {
    "String|gsys_pass":["no_setting"],
    "String|gsys_dynamic_depth_shadow":["0"],
    "String|gsys_dynamic_depth_shadow_only":["0"],
    "String|gsys_static_depth_shadow":["1"],
    "String|gsys_static_depth_shadow_only":["0"],
    "String|gsys_cube_map":["1"],
    "String|gsys_cube_map_only":["0"],
    "String|gsys_dynamic_reflection":["0"],
    "String|gsys_multi_filter":["0"],
    "String|gsys_priority_hint":["field_ground"],
    "Int32|gsys_priority":[-1],
    "String|gsys_model_fx0":["no_setting"],
    "String|gsys_model_fx1":["no_setting"],
    "String|gsys_model_fx2":["no_setting"],
    "String|gsys_model_fx3":["no_setting"],
    "String|gsys_light_diffuse":["diffuse_course0"],
    "String|gsys_env_obj_set":["Turbo_area0"],
    "String|gsys_bake_group":["group1"],
    "Single|gsys_bake_texel_param":[200.0],
    "String|gsys_bake_uv_unite":["set1"]
  },
  "Parameters": {
    "Float|edge_alpha_scale":1.0,
    "Float|game_edge_pow":20.0,
    "Float|gsys_edge_width0":0.5,
    "Float|gsys_edge_ratio0":0.0,
    "Float|gsys_i_color_ratio0":0.0,
    "Float|gsys_specular_roughness":0.718,
    "Float|bloom_intensity":1.0,
    "Float|gsys_outline_width":1.0,
    "Float|gsys_alpha_threshold":0.5,
    "Float|effect_normal_offset":1.0,
    "Float|light_pre_pass_intensity":1.0,
    "Float|edge_light_rim_i":1.0,
    "Float|edge_light_sharpness":0.3,
    "Float|fog_edge_width":1.0,
    "Float|soft_edge_dist_inv":0.1,
    "Float|silhoutte_depth":0.01,
    "Float|refraction_intensity":0.0,
    "Float|normal_map_weight":0.0,
    "Float|shadow_density":1.0,
    "Float|fog_edge_power":1.0,
    "Float|fog_emission_effect":1.0,
    "Float|fog_emission_intensity":1.0,
    "Float|post_multi_texture":0.0,
    "Float|mii_hair_specular_intensity":1.0,
    "Float|edge_light_intensity":0.016,
    "Float|d_shadow_bake_l_cancel_rate":0.5,
    "Float|zprepass_shadow_rate":0.0,
    "Float|silhoutte_depth_contrast":1.0,
    "Float|specular_intensity":0.3,
    "Float|specular_roughness":0.9,
    "Float|specular_fresnel_i":0.5,
    "Float|specular_fresnel_s":0.0,
    "Float|specular_fresnel_m":0.0,
    "Float|gsys_model_fx_ratio":1.0,
    "Float|emission_intensity":0.1,
    "Float|edge_alpha_width":0.5,
    "Float|edge_alpha_pow":5.0,
    "Float|transparency":0.5,
    "Float|alphat_out_start":10.0,
    "Float|alphat_out_end":100.0,
    "Float|gsys_area_env_index_diffuse":0.0,
    "Float|ao_density":1.0,
    "Float|transmit_intensity":1.0,
    "Float|edge_light_vc_intensity":1.0,
    "Float|specular_aniso_power":10.0,
    "Float|transmit_shadow_intensity":1.0,
    "Float|gsys_bake_opacity":1.0,
    "Float|shiny_specular_intensity":256.0,
    "Float|shiny_specular_sharpness":160000.0,
    "Float|shiny_specular_fresnel":16.0,
    "Float|fresnel_look_depend_factor":8.0,
    "Float|decal_trail_intensity":1.0,
    "Float2|indirect_mag":[1.0,1.0],
    "Float2|indirect_magB":[1.0,1.0],
    "Float3|specular_color":[1.0,1.0,1.0],
    "Float3|gsys_point_light_color":[1.0,1.0,1.0],
    "Float3|silhoutte_depth_color":[1.0,1.0,1.0],
    "Float3|transmit_color":[1.0,1.0,1.0],
    "Float3|gsys_mii_skin_color":[1.0,1.0,1.0],
    "Float3|emission_color":[1.0,1.0,1.0],
    "Float3|fog_emission_color":[1.0,1.0,1.0],
    "Float3|gsys_mii_favorite_color":[1.0,1.0,1.0],
    "Float3|shiny_specular_color":[1.0,1.0,1.0],
    "Float3|gsys_i_color0":[1.0,1.0,1.0],
    "Float3|gsys_i_color0_b":[0.0,0.0,0.0],
    "Float3|gsys_edge_color0":[1.0,0.0,0.0],
    "Float3|gsys_bake_light_scale":[4.0,4.0,4.0],
    "Float3|gsys_bake_light_scale1":[1.0,1.0,1.0],
    "Float3|decal_trail_color":[0.0,0.0,0.0],
    "Float3|gsys_bake_light_scale2":[1.0,1.0,1.0],
    "Float3|albedo_tex_color":[1.0,1.0,1.0],
    "Float3|edge_light_color":[0.5,0.4,0.1],
    "Float4|gsys_depth_silhoutte_color":[1.0,1.0,1.0,1.0],
    "Float4|multi_tex_reg0":[1.0,1.0,1.0,1.0],
    "Float4|multi_tex_reg1":[1.0,1.0,1.0,1.0],
    "Float4|gsys_area_env_data1":[0.0,0.0,0.0,1.0],
    "Float4|gsys_bake_st1":[0.488281,0.512295,-0.000472,0.48564],
    "Float4|fog_edge_color":[1.0,1.0,1.0,1.0],
    "Float4|gsys_bake_st0":[0.525446,0.555771,-0.001691,0.444893],
    "Float4|gsys_sssss_color":[1.0,1.0,1.0,1.0],
    "Float4|multi_tex_param0":[0.0,0.0,0.0,0.0],
    "Float4|gsys_area_env_data0":[0.0,0.0,0.0,1.0],
    "Float4|multi_tex_reg2":[1.0,1.0,1.0,1.0],
    "Float4|gsys_outline_color":[1.0,1.0,1.0,1.0],
    "TexSrt|tex_mtx2":{"Mode":0,"Scaling":"1;1","Rotation":0.0,"Translation":"0;0"},
    "TexSrt|tex_mtx1":{"Mode":0,"Scaling":"1;1","Rotation":0.0,"Translation":"0;0"},
    "TexSrt|tex_mtx0":{"Mode":1,"Scaling":"1;1","Rotation":0.0,"Translation":"0;0"}
  },
  "UserData": {
    "Int32|gsys_include_bake":[1],
    "Single|gsys_bake_texel_per_meter":[100.0]
  },
  "ShaderAssign": {
    "Options": {
      "enable_far_infinity": "0",
      "enable_far_inf_ignore_y": "0",
      "gsys_invalidate_world_srt": "1",
      "gsys_invalidate_texture_srt": "1",
      "gsys_invalidate_xlu_zprepass": "1",
      "enable_normal_map": "1",
      "gsys_normalmap_BC1": "1",
      "gsys_enable_normal_map2": "0",
      "gsys_enable_area_env": "1",
      "enable_area_env_direct": "1",
      "gsys_enable_light_probe": "0",
      "enable_indirect": "0",
      "indirect_world_scale": "0",
      "indirect_texture_is_BC5s": "0",
      "indirect_effect_albedo": "0",
      "indirect_effect_normal": "0",
      "indirect_effect_normal2": "0",
      "indirect_effect_specmask": "0",
      "indirect_effect_emission": "0",
      "indirect_effect_multiA": "0",
      "indirect_effect_multiB": "0",
      "select_indirect_mag_albedo": "0",
      "select_indirect_mag_normal": "0",
      "select_indirect_mag_normal2": "0",
      "select_indirect_mag_specmask": "0",
      "select_indirect_mag_emission": "0",
      "select_indirect_mag_multiA": "0",
      "select_indirect_mag_multiB": "0",
      "enable_color_buffer": "0",
      "color_buffer_as_albedo": "0",
      "color_buffer_as_multi_A": "0",
      "color_buffer_as_multi_B": "0",
      "enable_refraction": "0",
      "mii_albedo_skin_color": "0",
      "mii_albedo_tex_skin_color": "0",
      "mii_albedo_favorite_color": "0",
      "mii_albedo_tex_favorite_color": "0",
      "mii_reg0_skin_color": "0",
      "mii_reg0_favorite_color": "0",
      "enable_multi_texture": "0",
      "multi_tex_output_type": "0",
      "multi_tex_calc_type_color": "0",
      "multi_tex_calc_type_alpha": "0",
      "enable_geo_multi": "0",
      "geo_multi_alpha_type": "0",
      "geo_multi_specmask_calc_type": "0",
      "enable_diffuse2": "1",
      "enable_albedo": "1",
      "enable_vtx_color_diff": "0",
      "enable_diffuse": "1",
      "enable_opa_trans": "0",
      "enable_opa_trans_tex": "0",
      "enable_opa_trans_albedo": "0",
      "enable_edge_light": "0",
      "enable_vtx_color_edge_light": "0",
      "enable_specular": "0",
      "enable_specular_mask": "1",
      "enable_specular_mask_rougness": "0",
      "specular_mask_is_color": "0",
      "enable_specular_shadow_link": "0",
      "enable_vtx_color_spec": "0",
      "enable_fresnel": "0",
      "enable_emission": "0",
      "enable_emission_map": "0",
      "enable_vtx_color_emission": "0",
      "enable_bake_texture": "1",
      "enable_bake_shadow_mask": "0",
      "enable_bake_l_cancel_s": "1",
      "enable_d_shadow_bake_l_cancel": "0",
      "enable_projection_shadow": "1",
      "enable_projection_light": "0",
      "enable_static_depth_shadow": "0",
      "enable_dynamic_depth_shadow": "1",
      "enable_decal_ao": "1",
      "enable_albedo_ao": "0",
      "enable_fog": "1",
      "enable_fog_y": "1",
      "fog_game_effect_order": "0",
      "enable_fog_y_prim": "0",
      "enable_fog_emission": "0",
      "enable_fog_edge": "0",
      "enable_vtx_alpha_trans": "0",
      "enable_color_buffer_blend": "0",
      "enable_edge_xlu": "0",
      "enable_edge_xlu_rev": "0",
      "enable_water_surface": "0",
      "enable_shiny_specular": "0",
      "enable_fresnel_look_depend": "1",
      "enable_fresnel_look_factor": "0",
      "enable_game_effect": "0",
      "gamefx_lerp_type": "0",
      "enable_gamefx_edge": "0",
      "enable_gamefx_edge_fragment": "0",
      "enable_specular_dirty_mask": "0",
      "enable_light_pre_pass_intensity": "0",
      "enable_white_exposure": "0",
      "enable_cascade_shadow_force1": "0",
      "enable_vertex_billboard": "0",
      "texcoord_calc_texcoord0": "0",
      "texcoord_calc_texcoord2": "0",
      "texcoord_calc_texcoord3": "0",
      "texcoord_aspect_mod_texcoord0": "0",
      "texcoord_aspect_mod_texcoord2": "0",
      "texcoord_aspect_mod_texcoord3": "0",
      "texcoord_select_specmask": "0",
      "texcoord_select_normal": "0",
      "texcoord_select_normal2": "0",
      "texcoord_select_indirectA": "0",
      "texcoord_select_multiA": "0",
      "texcoord_select_multiB": "0",
      "texcoord_select_emission": "0",
      "texcoord_select_transmitt": "0",
      "enable_specular_aniso": "0",
      "bake_calc_type": "-1",
      "bake_shadow_type": "2",
      "bake_light_type": "0",
      "bake_debug_disable_shadow": "0",
      "enable_effect_normal_offset": "0",
      "enable_light_pre_pass": "1",
      "enable_light_pre_pass_no_effect": "0",
      "decal_trail_type": "4",
      "gsys_renderstate": "0"
    },
    "SamplerAssign": {
      "_a0": "_a0",
      "_s0": "_s0",
      "_n0": "_n0",
      "_b0": "_b0",
      "_b1": "_b1"
    },
    "AttributeAssign": {
      "_p0": "_p0",
      "_n0": "_n0",
      "_t0": "_t0",
      "_b0": "_b0",
      "_u0": "_u0",
      "_u1": "_u1",
      "_c0": "_c0"
    },
    "ShaderArchive": "__89AC8CE5",
    "ShaderModel": "turbo_uber"
  },
  "RenderState": {
    "FlagsMode": 1,
    "FlagsBlendMode": 0,
    "PolygonControl": {
      "Value": 2622018,
      "CullFront": false,
      "CullBack": true,
      "FrontFace": 0,
      "PolygonModeEnabled": false,
      "PolygonModeFront": 8,
      "PolygonModeBack": 72,
      "PolygonOffsetFrontEnabled": false,
      "PolygonOffsetBackEnabled": false,
      "PolygonLineOffsetEnabled": false
    },
    "DepthControl": {
      "DepthTestEnabled": true,
      "DepthWriteEnabled": true,
      "DepthFunc": 3,
      "StencilTestEnabled": false,
      "BackStencilEnabled": false,
      "FrontStencilFunc": 7,
      "FrontStencilFail": 2,
      "FrontStencilZPass": 2,
      "FrontStencilZFail": 2,
      "BackStencilFunc": 7,
      "BackStencilFail": 2,
      "BackStencilZPass": 2,
      "BackStencilZFail": 2
    },
    "AlphaControl": {
      "AlphaTestEnabled": false,
      "AlphaFunc": 6
    },
    "AlphaRefValue": 0.5,
    "ColorControl": {
      "MultiWriteEnabled": false,
      "ColorBufferEnabled": false,
      "BlendEnableMask": 0,
      "LogicOp": 204
    },
    "BlendTarget": 0,
    "BlendControl": {
      "ColorSourceBlend": 4,
      "ColorCombine": 0,
      "ColorDestinationBlend": 5,
      "AlphaSourceBlend": 1,
      "AlphaCombine": 0,
      "AlphaDestinationBlend": 0,
      "SeparateAlphaBlend": true
    },
    "BlendColor": "0;0;0"
  },
  "VolatileFlags": "AAAAAAAAAAAAAAA="
}