{
  "Name": "EnkeiSimaArufa",
  "Visible": true,
  "PresetMetaInfo": {
    "Title": "",
    "Game": "",
    "Notes": "",
    "IsSwitch": false,
    "Section": "All"
  },
  "MeshInfo": [
    {
      "SkinCount": 0,
      "Attributes": {
        "_p0":{"Format":"Format_32_32_32_Single","BufferIndex":0},
        "_n0":{"Format":"Format_10_10_10_2_SNorm","BufferIndex":1},
        "_t0":{"Format":"Format_8_8_8_8_SNorm","BufferIndex":2},
        "_c0":{"Format":"Format_8_8_8_8_UNorm","BufferIndex":4},
        "_u0":{"Format":"Format_32_32_Single","BufferIndex":3}
      }
    }
  ],
  "Textures": [
    "EnkeiSimaArufa_Alb"
  ],
  "Samplers": [
    {
      "TexSampler": {
        "ClampX": 0,
        "ClampY": 0,
        "ClampZ": 2,
        "MagFilter": 1,
        "MinFilter": 1,
        "ZFilter": 2,
        "MipFilter": 1,
        "MaxAnisotropicRatio": 0,
        "BorderType": 2,
        "DepthCompareFunc": 0,
        "MinLod": 0.0,
        "MaxLod": 13.0,
        "LodBias": 0.0,
        "DepthCompareEnabled": false
      },
      "Name": "_a0"
    }
  ],
  "RenderInfo": {
    "String|gsys_pass":["seal"],
    "String|gsys_dynamic_depth_shadow":["0"],
    "String|gsys_dynamic_depth_shadow_only":["0"],
    "String|gsys_static_depth_shadow":["0"],
    "String|gsys_static_depth_shadow_only":["0"],
    "String|gsys_cube_map":["1"],
    "String|gsys_cube_map_only":["0"],
    "String|gsys_dynamic_reflection":["0"],
    "String|gsys_multi_filter":["0"],
    "String|gsys_priority_hint":["field_wall"],
    "Int32|gsys_priority":[0],
    "String|gsys_light_diffuse":["diffuse_course0"],
    "String|gsys_env_obj_set":["Turbo_area0"],
    "String|gsys_bake_group":["group1"],
    "Single|gsys_bake_texel_param":[100.0],
    "String|gsys_bake_uv_unite":["none"],
    "String|gsys_bake_normal_map":["default"],
    "String|gsys_bake_emission_map":["default"],
    "String|gsys_render_state_display_face":["front"],
    "String|gsys_render_state_mode":["translucent"],
    "String|gsys_depth_test_enable":["true"],
    "String|gsys_depth_test_func":["lequal"],
    "String|gsys_depth_test_write":["false"],
    "String|gsys_alpha_test_enable":["false"],
    "String|gsys_alpha_test_func":["gequal"],
    "Single|gsys_alpha_test_value":[0.5],
    "String|gsys_render_state_blend_mode":["color"],
    "String|gsys_color_blend_rgb_op":["add"],
    "String|gsys_color_blend_rgb_src_func":["src_alpha"],
    "String|gsys_color_blend_rgb_dst_func":["one_minus_src_alpha"],
    "String|gsys_color_blend_alpha_op":["add"],
    "String|gsys_color_blend_alpha_src_func":["one"],
    "String|gsys_color_blend_alpha_dst_func":["zero"],
    "Single|gsys_color_blend_const_color":[0.0,0.0,0.0,0.0]
  },
  "Parameters": {
    "Float|edge_light_rim_i":1.0,
    "Float|d_shadow_bake_l_cancel_rate":0.5,
    "Float|gsys_i_color_ratio0":0.0,
    "Float|gsys_edge_ratio0":0.0,
    "Float|gsys_edge_width0":0.5,
    "Float|bloom_intensity":1.0,
    "Float|gsys_outline_width":1.0,
    "Float|gsys_alpha_threshold":0.5,
    "Float|game_edge_pow":20.0,
    "Float|edge_alpha_scale":1.0,
    "Float|post_multi_texture":0.0,
    "Float|edge_alpha_width":0.5,
    "Float|edge_alpha_pow":5.0,
    "Float|transparency":1.0,
    "Float|alphat_out_start":10.0,
    "Float|alphat_out_end":100.0,
    "Float|gsys_area_env_index_diffuse":1.0,
    "Float|shadow_density":1.0,
    "Float|ao_density":1.0,
    "Float|transmit_intensity":1.0,
    "Float|edge_light_vc_intensity":1.0,
    "Float|specular_aniso_power":10.0,
    "Float|transmit_shadow_intensity":1.0,
    "Float|edge_light_intensity":0.5,
    "Float|light_pre_pass_intensity":1.0,
    "Float|gsys_bake_opacity":1.0,
    "Float|shiny_specular_intensity":256.0,
    "Float|specular_intensity":1.0,
    "Float|specular_roughness":0.0,
    "Float|specular_fresnel_i":0.5,
    "Float|specular_fresnel_s":0.0,
    "Float|specular_fresnel_m":0.0,
    "Float|shiny_specular_sharpness":160000.0,
    "Float|emission_intensity":0.1,
    "Float|soft_edge_dist_inv":0.1,
    "Float|silhoutte_depth":0.01,
    "Float|refraction_intensity":0.0,
    "Float|normal_map_weight":0.5,
    "Float|shiny_specular_fresnel":16.0,
    "Float|silhoutte_depth_contrast":1.0,
    "Float|fresnel_look_depend_factor":1.0,
    "Float|mii_hair_specular_intensity":1.0,
    "Float|decal_trail_intensity":1.0,
    "Float|screen_fake_scale_begin_ratio":0.25,
    "Float|fog_emission_intensity":1.0,
    "Float|fog_emission_effect":1.0,
    "Float|fog_edge_power":1.0,
    "Float|fog_edge_width":1.0,
    "Float|gsys_alpha_test_ref_value":0.5,
    "Float|edge_light_sharpness":0.3,
    "Float2|indirect_mag":[1.0,1.0],
    "Float2|indirect_magB":[1.0,1.0],
    "Float3|silhoutte_depth_color":[1.0,1.0,1.0],
    "Float3|gsys_mii_skin_color":[1.0,1.0,1.0],
    "Float3|gsys_mii_favorite_color":[1.0,1.0,1.0],
    "Float3|gsys_point_light_color":[1.0,1.0,1.0],
    "Float3|gsys_edge_color0":[1.0,0.0,0.0],
    "Float3|transmit_color":[1.0,1.0,1.0],
    "Float3|gsys_i_color0":[1.0,1.0,1.0],
    "Float3|gsys_i_color0_b":[0.0,0.0,0.0],
    "Float3|gsys_bake_light_scale":[1.0,1.0,1.0],
    "Float3|gsys_bake_light_scale1":[1.0,1.0,1.0],
    "Float3|gsys_bake_light_scale2":[1.0,1.0,1.0],
    "Float3|albedo_tex_color":[1.0,1.0,1.0],
    "Float3|decal_trail_color":[0.0,0.0,0.0],
    "Float3|fog_emission_color":[1.0,1.0,1.0],
    "Float3|screen_fake_scale_factor":[0.0,0.0,0.0],
    "Float3|edge_light_color":[1.0,1.0,1.0],
    "Float3|shiny_specular_color":[1.0,1.0,1.0],
    "Float3|specular_color":[1.0,1.0,1.0],
    "Float3|emission_color":[1.0,1.0,1.0],
    "Float4|gsys_depth_silhoutte_color":[1.0,1.0,1.0,1.0],
    "Float4|gsys_outline_color":[1.0,1.0,1.0,1.0],
    "Float4|gsys_area_env_data0":[0.0,0.0,0.0,1.0],
    "Float4|gsys_area_env_data1":[1.0,1.0,0.0,1.0],
    "Float4|gsys_bake_st0":[1.0,1.0,0.0,0.0],
    "Float4|gsys_bake_st1":[1.0,1.0,0.0,0.0],
    "Float4|multi_tex_reg0":[1.0,1.0,1.0,1.0],
    "Float4|multi_tex_reg1":[1.0,1.0,1.0,1.0],
    "Float4|multi_tex_param0":[0.0,0.0,0.0,0.0],
    "Float4|fog_edge_color":[1.0,1.0,1.0,1.0],
    "Float4|gsys_xlu_zprepass_alpha":[1.0,1.0,1.0,1.0],
    "Float4|multi_tex_reg2":[1.0,1.0,1.0,1.0],
    "Float4|gsys_sssss_color":[1.0,1.0,1.0,1.0],
    "TexSrt|tex_mtx1":{"Mode":0,"Scaling":"1;1","Rotation":0.0,"Translation":"0;0"},
    "TexSrt|tex_mtx2":{"Mode":0,"Scaling":"1;1","Rotation":0.0,"Translation":"0;0"},
    "TexSrt|tex_mtx0":{"Mode":1,"Scaling":"1;1","Rotation":0.0,"Translation":"0;0"}
  },
  "UserData": {
    "Int32|gsys_include_bake":[0],
    "Single|gsys_bake_texel_per_meter":[100.0]
  },
  "ShaderAssign": {
    "Options": {
      "gsys_alpha_test_enable": "0",
      "gsys_alpha_test_func": "6",
      "enable_far_infinity": "0",
      "enable_far_inf_ignore_y": "0",
      "gsys_invalidate_world_srt": "1",
      "gsys_invalidate_texture_srt": "1",
      "gsys_invalidate_xlu_zprepass": "1",
      "enable_normal_map": "0",
      "gsys_normalmap_BC1": "0",
      "gsys_enable_normal_map2": "0",
      "gsys_enable_area_env": "1",
      "enable_area_env_direct": "1",
      "gsys_enable_light_probe": "0",
      "enable_indirect": "0",
      "indirect_world_scale": "0",
      "indirect_texture_is_BC5s": "0",
      "indirect_effect_albedo": "0",
      "indirect_effect_normal": "0",
      "indirect_effect_normal2": "0",
      "indirect_effect_specmask": "0",
      "indirect_effect_emission": "0",
      "indirect_effect_multiA": "0",
      "indirect_effect_multiB": "0",
      "select_indirect_mag_albedo": "0",
      "select_indirect_mag_normal": "0",
      "select_indirect_mag_normal2": "0",
      "select_indirect_mag_specmask": "0",
      "select_indirect_mag_emission": "0",
      "select_indirect_mag_multiA": "0",
      "select_indirect_mag_multiB": "0",
      "enable_color_buffer": "0",
      "color_buffer_as_albedo": "0",
      "color_buffer_as_multi_A": "0",
      "color_buffer_as_multi_B": "0",
      "enable_refraction": "0",
      "mii_albedo_skin_color": "0",
      "mii_albedo_tex_skin_color": "0",
      "mii_albedo_favorite_color": "0",
      "mii_albedo_tex_favorite_color": "0",
      "mii_reg0_skin_color": "0",
      "mii_reg0_favorite_color": "0",
      "enable_multi_texture": "0",
      "multi_tex_output_type": "0",
      "multi_tex_calc_type_color": "0",
      "multi_tex_calc_type_alpha": "0",
      "enable_geo_multi": "0",
      "geo_multi_alpha_type": "0",
      "geo_multi_specmask_calc_type": "0",
      "enable_diffuse2": "1",
      "enable_albedo": "1",
      "enable_vtx_color_diff": "0",
      "enable_diffuse": "1",
      "enable_opa_trans": "0",
      "enable_opa_trans_tex": "0",
      "enable_opa_trans_albedo": "0",
      "enable_edge_light": "0",
      "enable_vtx_color_edge_light": "0",
      "enable_specular": "0",
      "enable_specular_mask": "0",
      "enable_specular_mask_rougness": "0",
      "specular_mask_is_color": "0",
      "enable_specular_shadow_link": "0",
      "enable_vtx_color_spec": "0",
      "enable_fresnel": "0",
      "enable_emission": "0",
      "enable_emission_map": "0",
      "enable_vtx_color_emission": "0",
      "enable_bake_texture": "0",
      "enable_bake_shadow_mask": "0",
      "enable_bake_l_cancel_s": "0",
      "enable_d_shadow_bake_l_cancel": "0",
      "enable_projection_shadow": "0",
      "enable_projection_light": "0",
      "enable_static_depth_shadow": "0",
      "enable_dynamic_depth_shadow": "0",
      "enable_decal_ao": "0",
      "enable_albedo_ao": "0",
      "enable_fog": "1",
      "enable_fog_y": "1",
      "fog_game_effect_order": "0",
      "enable_fog_y_prim": "0",
      "enable_fog_emission": "0",
      "enable_fog_edge": "0",
      "enable_vtx_alpha_trans": "1",
      "enable_color_buffer_blend": "0",
      "enable_edge_xlu": "0",
      "enable_edge_xlu_rev": "0",
      "enable_water_surface": "0",
      "enable_shiny_specular": "0",
      "enable_fresnel_look_depend": "1",
      "enable_fresnel_look_factor": "0",
      "enable_game_effect": "0",
      "gamefx_lerp_type": "0",
      "enable_gamefx_edge": "0",
      "enable_gamefx_edge_fragment": "0",
      "enable_specular_dirty_mask": "0",
      "enable_light_pre_pass_intensity": "0",
      "enable_white_exposure": "0",
      "enable_cascade_shadow_force1": "0",
      "enable_vertex_billboard": "0",
      "enable_screen_fake_scale": "0",
      "texcoord_calc_texcoord0": "0",
      "texcoord_calc_texcoord2": "0",
      "texcoord_calc_texcoord3": "0",
      "texcoord_aspect_mod_texcoord0": "0",
      "texcoord_aspect_mod_texcoord2": "0",
      "texcoord_aspect_mod_texcoord3": "0",
      "texcoord_select_specmask": "0",
      "texcoord_select_normal": "0",
      "texcoord_select_normal2": "0",
      "texcoord_select_indirectA": "0",
      "texcoord_select_multiA": "0",
      "texcoord_select_multiB": "0",
      "texcoord_select_emission": "0",
      "texcoord_select_transmitt": "0",
      "enable_specular_aniso": "0",
      "bake_shadow_type": "-1",
      "bake_light_type": "-1",
      "bake_debug_disable_shadow": "0",
      "enable_light_pre_pass": "0",
      "enable_light_pre_pass_no_effect": "0",
      "enable_depth_buffer": "0",
      "enable_soft_edge": "0",
      "enable_xlu_depth": "0",
      "enable_xlu_depth_inv": "0",
      "enable_xlu_depth_silhoutte": "0",
      "enable_xlu_spec": "0",
      "enable_xlu_alpha_out": "0",
      "enable_xlu_discard": "0",
      "gsys_renderstate": "0"
    },
    "SamplerAssign": {
      "_a0": "_a0"
    },
    "AttributeAssign": {
      "_p0": "_p0",
      "_n0": "_n0",
      "_t0": "_t0",
      "_b0": "_b0",
      "_u0": "_u0",
      "_c0": "_c0"
    },
    "ShaderArchive": "__6988EECB",
    "ShaderModel": "turbo_uber_xlu"
  },
  "RenderState": null,
  "VolatileFlags": "AAAAAAAAAAAAAAA="
}